{
  "columns": [
    "FIT101",
    "LIT101",
    "MV101",
    "P101",
    "AIT201",
    "AIT202",
    "AIT203",
    "FIT201",
    "MV201",
    "P203",
    "P205",
    "DPIT301",
    "FIT301",
    "LIT301",
    "MV301",
    "MV302",
    "MV303",
    "MV304",
    "P301",
    "P302",
    "AIT401",
    "AIT402",
    "FIT401",
    "LIT401",
    "P402",
    "UV401",
    "AIT501",
    "AIT502",
    "AIT503",
    "AIT504",
    "FIT501",
    "FIT502",
    "FIT503",
    "FIT504",
    "P501",
    "PIT501",
    "PIT502",
    "PIT503",
    "FIT601",
    "P602"
  ],
  "mean": {
    "FIT101": 1.629722279046746,
    "LIT101": 706.9843771000068,
    "MV101": 1.86025,
    "P101": 1.61325,
    "AIT201": 215.38933539999385,
    "AIT202": 8.401138588500016,
    "AIT203": 325.46182120000356,
    "FIT201": 1.5381765633753468,
    "MV201": 1.88275,
    "P203": 1.609,
    "P205": 1.609,
    "DPIT301": 14.989858039414916,
    "FIT301": 1.6384669248962447,
    "LIT301": 889.5459309999995,
    "MV301": 1.00475,
    "MV302": 1.7065,
    "MV303": 1.0195,
    "MV304": 1.0245,
    "P301": 1,
    "P302": 1.734,
    "AIT401": 148.80691375000188,
    "AIT402": 159.18656125000123,
    "FIT401": 1.7138338267499786,
    "LIT401": 878.7681172749998,
    "P402": 2,
    "UV401": 2,
    "AIT501": 7.893231031250041,
    "AIT502": 146.81725344999754,
    "AIT503": 266.551339574996,
    "AIT504": 11.989628407500083,
    "FIT501": 1.7237412337500184,
    "FIT502": 1.2810479132500026,
    "FIT503": 0.7366801242749478,
    "FIT504": 0.3079209709750002,
    "P501": 2,
    "PIT501": 251.26407114999924,
    "PIT502": 1.39166362575,
    "PIT503": 190.1375230749975,
    "FIT601": 0.013768206238205311,
    "P602": 1.0075
  },
  "std": {
    "FIT101": 1.2178151893671258,
    "LIT101": 137.91900852133193,
    "MV101": 0.36430747659086016,
    "P101": 0.4870055826168729,
    "AIT201": 47.29263237498289,
    "AIT202": 0.030446569314953396,
    "AIT203": 6.02818705813191,
    "FIT201": 1.2276075382270386,
    "MV201": 0.3286372430203257,
    "P203": 0.4879743845736169,
    "P205": 0.4879743845736169,
    "DPIT301": 7.814559351301643,
    "FIT301": 0.9633348048709821,
    "LIT301": 79.1954197681963,
    "MV301": 0.10829329388286159,
    "MV302": 0.47524493684835856,
    "MV303": 0.16619190714351803,
    "MV304": 0.19723019545698403,
    "P301": 1,
    "P302": 0.4418642325420787,
    "AIT401": 0.004378123415088384,
    "AIT402": 4.24880193489116,
    "FIT401": 0.004562794296708717,
    "LIT401": 65.30848194228952,
    "P402": 1,
    "UV401": 1,
    "AIT501": 0.018000295336811415,
    "AIT502": 2.6775996647821594,
    "AIT503": 4.208735416675301,
    "AIT504": 0.17117907274220864,
    "FIT501": 0.004688549651772534,
    "FIT502": 0.014836960173522021,
    "FIT503": 0.00157472812784367,
    "FIT504": 0.0008140602530433844,
    "P501": 1,
    "PIT501": 1.4254082706524014,
    "PIT502": 0.31236531830022884,
    "PIT503": 1.4134719015845227,
    "FIT601": 0.145075343305836,
    "P602": 0.08627716963368554
  },
  "config": {
    "source": "both",
    "samplesUsed": 4000,
    "builtAt": "2026-05-19T01:08:34.613Z"
  }
}